TIPO LOGR,LOGRD,NUMERO,BAIRRO,MUNICIPIO,UF,Latitude,Longitude,NOME FANT
SITIO,CAJUI,SN,CANDEIAS,Cedro,CE,-6.59806,-39.1,ACTBG
RUA,SAO JOAO BATISTA,473,CENTRO,Cedro,CE,-6.60667,-39.06222,APOLO SERVICOS EMPRESARIAIS
RUA,VEREADOR SALUSTIANO MOURA,537,CENTRO,Cedro,CE,-6.60667,-39.06222,PONTO DA CARNE
RUA,CEL. JOSE DE ALBUQUERQUE,402,CENTRO,Cedro,CE,-6.60667,-39.06222,POSTO BR CEDRO
RUA,PE ANCHIETA,S N,CENTRO,Cedro,CE,-6.60667,-39.06222,BENEFICIADORA SAO FRANCISCO
SITIO,COQUEIRO,SN,DISTRITO LAGEDO,Cedro,CE,-6.51167,-39.05972,ACUC
RUA,RUA SALUSTIANO MOURA,565,CENTRO,Cedro,CE,-6.60667,-39.06222,RECANTO DO CRIADOR
RUA,CEL. JOSE DE ALBUQUERQUE,469-B,CENTRO,Cedro,CE,-6.60667,-39.06222,CASA MATOS
SITIO,LAGOA SECA,S/N,UBALDINHO,Cedro,CE,-6.58333,-39.23333,ACMFD
RUA,ANTONIO VALDER VIANA,191,CENTRO,Cedro,CE,-6.60667,-39.06222,STYLOSA
SITIO,LAGEDO,1210,DISTRITO LAGEDO,Cedro,CE,-6.51167,-39.05972,MERCANTIL DO MAURO
RUA,VICENTE B DA SILVA,26,CENTRO,Cedro,CE,-6.60667,-39.06222,H P PREMOLDADOS
GALERIA,BACANA,46,CENTRO,Cedro,CE,-6.60667,-39.06222,ENTERIW PROVEDOR DE INTERNET
RUA,CORONEL ANTONIO AFONSO,S/N,CENTRO,Cedro,CE,-6.60667,-39.06222,APS CEDRO/CE
RUA,DEP LIBERATO MOACIR DE AGUIAR,00158,CENTRO,Cedro,CE,-6.60667,-39.06222,LOJAO DO REAL
RODOVIA,CE 284 (RODOVIA CELSO ALVES DE ARAUJO E SILVA),00,JARDIM AFONSO CELSO,Cedro,CE,-6.60667,-39.06222,LOJA MACONICA FERNANDO FERREIRA LIMA 138
RUA,ANTONIO VALDER VIANA,131,CENTRO,Cedro,CE,-6.60667,-39.06222,PANIFICADORA CENTRAL
RUA,Ver. Antonio Viana Araujo,340,Fatima,Cedro,CE,-6.60667,-39.06222,ELISANGELA VARIEDADES
RUA,CEL JOAO CANDIDO,226,CENTRO,Cedro,CE,-6.60667,-39.06222,HORTIFRUTI VOLTA LIMA
RUA,CEL JOSE DE ALBURQUERQUE,407,CENTRO,Cedro,CE,-6.60667,-39.06222,CEDRO CELL
RUA,ANTONIO VALDER VIANA,187,CENTRO,Cedro,CE,-6.60667,-39.06222,GABY BRINQUEDOS
RUA,RUA C,417,FATIMA,Cedro,CE,-6.60667,-39.06222,PARTIDO SOCIAL LIBERAL PSL
RUA,ANTONIO VALDER VIANA,109,CENTRO,Cedro,CE,-6.60667,-39.06222,SPACO CHIC
RUA,CEL JOSE DE ALBUQUERQUE,618,CENTRO,Cedro,CE,-6.60667,-39.06222,ADNA BIJU
RUA,RAIMUNDO PAIVA DA SILVA,00247,DIVISAO,Cedro,CE,-6.60667,-39.06222,MERCADINHO NOSSA SENHORA APARECIDA
RUA,JOSE PEREIRA MAGALHAES,12,DE FATIMA,Cedro,CE,-6.60667,-39.06222,MEDEIROS E FRAZAO REPRESENTACOES
RUA,MARIA LUIZA AFONSO,463,JARDIM AFONSO CELSO,Cedro,CE,-6.6003963,-39.0608355,JD METALURGICA
RUA,SENADOR JOAO TOME,203,CENTRO,Cedro,CE,-6.60667,-39.06222,FELIPINHO MOTOS
RUA,JOSE AIRTON DE SOUZA,402,RODOVIARIA,Cedro,CE,-6.60667,-39.06222,GARDEN CLUB
RUA,ADAUTO CASTELO,551,CENTRO,Cedro,CE,-6.60667,-39.06222,NEW CAR - AUTO PECAS E ACESSORIOS
RUA,Coronel Jose de Albuquerque,495,Centro,Cedro,CE,-6.60667,-39.06222,HORTIFRUTI BOM NO PRECO
ALAMEDA,JOSE QUINTINO,218,PRADO,Cedro,CE,-6.6029799,-39.0559769,TOP CEARENSE
10A RUA,VALDEMIR ALBUQUERQUE,435,JARDIM AFONSO CELSO,Cedro,CE,-6.60667,-39.06222,PADARIA TRES IRMAOS
RUA,VEREADOR ALVES DINIZ,26,FATIMA,Cedro,CE,-6.6062114,-39.0641803,ESMALTERIA DA DRY
RUA,VEREADOR SALUSTIANO MOURA,548,CENTRO,Cedro,CE,-6.60667,-39.06222,MERCADINHO SAO MIGUEL
RUA, SAO JOSE,1503,CENTRO,Cedro,CE,-6.60667,-39.06222,ANA MARIA BATISTA DE LIMA PAULA 0356288
RUA,CEL. JOSE DE ALBUQUERQUE,516,CENTRO,Cedro,CE,-6.60667,-39.06222,LOJAO DA MODA
RUA,VER SALUSTIANO MOURA,414,CENTRO,Cedro,CE,-6.60667,-39.06222,CLINICA ODONTOLOGICA DRA LENARA DINIZ
AVENIDA,PEDRO LOPES VIEIRA,132,CENTRO,Cedro,CE,-6.60667,-39.06222,EVS ESPORTES
AVENIDA,FRANCISCO HELIO VIANA DE ARAUJO,327,PRADO,Cedro,CE,-6.60667,-39.06222,POSTO ALFA MIRANTE
RUA,CORONEL ANTONIO AFONSO,226,ACUDE NOVO,Cedro,CE,-6.60667,-39.06222,MERCADINHO SANTO ANTONIO
RUA,PADRE SA,207,CENTRO,Cedro,CE,-6.60667,-39.06222,F D TELECOM
RUA,CHIQUINHO CARTEIRO,190,ALTO DO PADEIRO,Cedro,CE,-6.6104784,-39.0560304,OFICINA ALVES
RUA,CEL. JOSE DE ALBUQUERQUE,559,CENTRO,Cedro,CE,-6.60667,-39.06222,PRO LIFE MEDIC
AVENIDA,PEDRO LOPES VIEIRA,246,CENTRO,Cedro,CE,-6.60667,-39.06222,LANCHONETE DOCE SABOR
RUA,SENADOR JOAO TOME,SN,CENTRO,Cedro,CE,-6.60667,-39.06222,MERCADINHO CLEONILTON
SITIO,PITOMBEIRA,S/N,DISTRITO VARZEA DA CONCEICAO,Cedro,CE,-6.475,-39.11333,MERCADINHO PEDRP DE MATOS
10A RUA,JOSE PACIFICO DA SILVA,20,FATIMA,Cedro,CE,-6.6032459,-39.0569517,FOCO NA SAUDE
RUA,VEREADOR SALUSTIANO MOURA,598,CENTRO,Cedro,CE,-6.60667,-39.06222,BROWN ACESSORIOS - TUDO PARA CELULARES & TECNOLOGIA
RUA,PROFESSOR NATANAEL CORTEZ,649,PRADO,Cedro,CE,-6.6044449,-39.0569302,ALMEIDA DISTRIBUIDORA DE BEBIDAS
RUA,SEN. JOAO TOME,166,CENTRO,Cedro,CE,-6.60667,-39.06222,FUNERARIA ANJO DA GUARDA
RUA,ADAUTO CASTELO,384,CENTRO,Cedro,CE,-6.60667,-39.06222,PAPELARIA CENTRAL
AVENIDA,ENEAS VIANA DE ARAUJO,473,CENTRO,Cedro,CE,-6.60667,-39.06222,CASA VAREJO
RUA,CEL. CELSO ALVES DE ARAUJO,248,BAIRRO DE FATIMA,Cedro,CE,39.62071,-8.65237,ARENA SUNSET CEDRO
AVENIDA,PEDRO LOPES VIEIRA,398,CENTRO,Cedro,CE,-6.60667,-39.06222,GELA GUELA - DELIVERY
RUA,21 DE OUTUBRO,945,ALTO DA INDEPENDENCIA,Cedro,CE,-6.6074676,-39.0610877,RS VARIEDADES
AVENIDA,ADALTO CASTELO,SN,CENTRO,Cedro,CE,-6.60667,-39.06222,DY ARTES MOVEIS TUBULARES
RUA,CORONEL JOAO CANDIDO,346,FATIMA,Cedro,CE,-6.6038793,-39.0611956,JV CORRETORA DE SEGUROS
ESTRADA,CE 113,32,ZONA RURAL,Cedro,CE,-6.60667,-39.06222,ARROZ E RACOES ELMA
RUA,ANTONIO VALDER VIANA,134,CENTRO,Cedro,CE,-6.60667,-39.06222,ARMAZEM PROGRESSO
RUA,SANADOR JOAO TOME,349,CENTRO,Cedro,CE,-6.60667,-39.06222,CICLOPECAS
RUA,VEREADOR SALUSTIANO MOURA,501,CENTRO,Cedro,CE,-6.60667,-39.06222,MERCANDINHO CONFIANCA
RUA,VEREADOR SALUSTIANO DE MOURA,15,CENTRO,Cedro,CE,-6.60667,-39.06222,FRIGOTIL
RUA,CEL. JOSE DE ALBUQUERQUE,515,CENTRO,Cedro,CE,-6.60667,-39.06222,LINDA BELLA
RUA,SENADOR JOAO TOME,08,CENTRO,Cedro,CE,-6.60667,-39.06222,MERCADINHO IDEAL
RUA,VEREADOR SALUSTIANO MOURA,478,CENTRO,Cedro,CE,-6.60667,-39.06222,CEDRO CE
RUA,VEREADOR SALUSTIANO MOURA,575,CENTRO,Cedro,CE,-6.60667,-39.06222,FARMACIA CONVIVA VIANA
SITIO,ANGICOS,SN,ZONA RURAL,Cedro,CE,-6.60667,-39.06222,AAPLI
RUA,MESTRE LUIZ BEZERRA,141,PRADO,Cedro,CE,-6.60667,-39.06222,ATUAL NET
RUA,CEL JOSE DE ALBUQUERQUE,516,CENTRO,Cedro,CE,-6.60667,-39.06222,H F MOTOS
DISTRITO,UBALDINHO,SN,ZONA RURAL,Cedro,CE,-6.60667,-39.06222,A P L DA BACIA SAO MIGUEL
RUA,ZE PAJE,393,CENTRO,Cedro,CE,-6.60667,-39.06222,LIQUIGAS
RUA,CEL JOSE DE ALBUQUERQUE,590,CENTRO,Cedro,CE,-6.60667,-39.06222,COMERCIAL BALEIA
RUA,GALERIA BACANA,SN,CENTRO,Cedro,CE,-6.60667,-39.06222,DEM NO CEDRO
RUA,SENADOR JOAO TOME,008,CENTRO,Cedro,CE,-6.60667,-39.06222,EDSON CONFECCOES
AVENIDA,AVENIDA PEDRO LOPES VIEIRA,SN,PEGA AVOANTE,Cedro,CE,-6.60667,-39.06222,NILDO PRE-MOLDADOS
DISTRITO,VARZEA DA CONCEICAO,SN,ZONA RURAL,Cedro,CE,-6.60667,-39.06222,A C CO B V C
RUA,VEREADOR SALUSTIANO MOURA,561,CENTRO,Cedro,CE,-6.60667,-39.06222,LOJAO DA FE
RUA,JOAQUIM FERREIRA DA SILVA,69,FATIMA,Cedro,CE,-6.6038267,-39.0627788,A G CEREALISTA
RUA,PREFEITO ANTONIO ALVES DOS SANTOS,187,FATIMA,Cedro,CE,-6.6048196,-39.0634008,ARLINDOS REFRIGERACAO & CIA.
RUA,ZE PAJE,210,CENTRO,Cedro,CE,-6.60667,-39.06222,ATENDILAR
RUA,RUA PADRE SA,240,CENTRO,Cedro,CE,-6.60667,-39.06222,SINTRAF CEDRO CE
RUA,LIDUINA ALVES DE MELO,148 A,FATIMA,Cedro,CE,-6.6030806,-39.0618967,FALCAO SERVICOS ELETRICOS
RUA,SENADOR JOAO TOME,78,CENTRO,Cedro,CE,-6.60667,-39.06222,SD - CEDRO
RUA,Dep. Liberato Moacir Aguiar,124,Centro,Cedro,CE,-6.60667,-39.06222,S & T CALCADOS
RUA,CORONEL JOAO CANDIDO,36,CENTRO,Cedro,CE,-6.60667,-39.06222,LIDER EMPRESARIAL
RUA,PREFEITO ANTONIO ALVES DOS SANTOS,60,FATIMA,Cedro,CE,-6.6048196,-39.0634008,MERCANTIL BARROS
1A RUA,JOSE PACIFICO DA SILVA,42,PRADO,Cedro,CE,-6.6032459,-39.0569517,CRISTAL DOCES
RUA,SAO JOSE,800,CENTRO,Cedro,CE,-6.60667,-39.06222,NALDINHO LANCHES
RUA,SENADOR JOAO TOME,106,CENTRO,Cedro,CE,-6.60667,-39.06222,PIZZARIA IGUATUENSE
10A AVENIDA,PEDRO LOPES VIEIRA,340,CENTRO,Cedro,CE,-6.60667,-39.06222,CEDRO BOLOS
RUA,MONSENHOR ANTONIO VIEIRA COSTA,388,ALTO DO PADEIRO,Cedro,CE,-6.6086213,-39.0575485,MERCEARIA RF
AVENIDA,CEL MANOEL ALEXANDRE DE MOURA,2053,PEGA AVOANTE,Cedro,CE,-6.60667,-39.06222,POUSADA TUCANO
RUA,JOAO CANDIDO,36,CENTRO,Cedro,CE,-6.60667,-39.06222,ESPACO DE PSICOTERAPIA INFANTO JUVENIL
RUA,03,25,JARDIM AFONSO CELSO,Cedro,CE,-6.60667,-39.06222,JEPLANEJADOS
RUA,SENADOR JOAO TOME,009,CENTRO,Cedro,CE,-6.60667,-39.06222,CASA DA RACAO
RUA,MONSENHOR ANTONIO VIEIRA COSTA,262,ALTO DO PADEIRO,Cedro,CE,-6.6086213,-39.0575485,TOURO PRIME
10A RUA,SITIO ESPERANCA,SN,SANTO ANTONIO,Cedro,CE,-6.58417,-38.97139,FRANCINALDO DE SOUZA ALVES 03010612616
11A RUA,NOSSA SENHORA DA CONCEICAO,42,VARZEA DA CONCECAO,Cedro,CE,-6.4758046,-39.111473,MARKETING NO ALVO
RUA,MARECHAL DEODORO,147,ACUDE NOVO,Cedro,CE,-6.6109207,-39.0580165,SEGURANCA SHALCOM
10A RUA,CORONEL CAETANO AFONSO,383,CENTRO,Cedro,CE,-6.60667,-39.06222,MIL ENCANTOS DA LU
11A TRAVESSA,BELO HORIZONTE,210,PRADO,Cedro,CE,-6.60667,-39.06222,MOCINHA MANICURE
RUA,JADELGENA DE ARAUJO SILVA,400,CENTRO,Cedro,CE,-6.60667,-39.06222,SANTANA VEICULOS
10A RUA,SENADOR JOAO TOME,351-A,CENTRO,Cedro,CE,-6.60667,-39.06222,K BURGER DELIVERY
RUA,ANTONIO CLEZIO TEIXEIRA DE MOURA,120,FATIMA,Cedro,CE,-6.60667,-39.06222,ALEXANDRE LUBRIFICANTES
RUA,FRANCISCO CHAGAS DE AQUINO,163,ACUDE NOVO,Cedro,CE,-6.60667,-39.06222,SALGADARIA SOARES
10A RUA,SINHA DINIZ,27,JARDIM AFONSO CELSO,Cedro,CE,-6.5944667,-39.0672956,JD SHOPPING
10A RUA,JOSE AIRTON DE SOUZA,328,PRADO,Cedro,CE,-6.60667,-39.06222,RJ OFICINA CEDRO
RUA,VICENTE VIANA,557,CENTRO,Cedro,CE,-6.60667,-39.06222,OPTICA SOUZA
RUA,ANTONIO VIANA DE ARAUJO,419,FATIMA,Cedro,CE,-6.60667,-39.06222,MERCADINHO PADRE CICERO
SITIO,MARRECA,10,ZONA RURAL,Cedro,CE,-6.60667,-39.06222,EDSON MARCENARIA
TRAVESSA,APARECIDA HOLANDA,5,CENTRO,Cedro,CE,-6.60667,-39.06222,FUNERARIA RAINHA DO SERTAO
RODOVIA,CE-153,SN,ZONA RURAL,Cedro,CE,-6.60667,-39.06222,UFV VIP CE IX
RUA,OBI JUCA DINIZ,212,RODOVIARIA,Cedro,CE,-6.6041621,-39.0586257,ROSA DE SARON VARIEDADES
AVENIDA,VEREADOR PEDRO LOPES VIEIRA,304,CENTRO,Cedro,CE,-6.60667,-39.06222,VERDES VALLES CASA DE RACAO
RUA,VER SALUSTIANO MOURA,414,CENTRO,Cedro,CE,-6.60667,-39.06222,SAWTT ENGENHARIA
RUA,JOEL PASSOS,830,CENTRO,Cedro,CE,-6.60667,-39.06222,PARTIDO PROGRESSISTA - PP
AVENIDA,PEDRO LOPES VIEIRA,33,CENTRO,Cedro,CE,-6.60667,-39.06222,EEIF AMIGUINHOS DE INFANCIA
SITIO,VALE DO MACHADO,SN,CAIANA,Cedro,CE,-6.60667,-39.06222,ASCOVAM
RUA,DR FRANCISCO SA,S N,CENTRO,Cedro,CE,-6.60667,-39.06222,ARMARINHO FREI DAMIAO
RUA,CEL LUIZ FELIPE,299,CENTRO,Cedro,CE,-6.60667,-39.06222,CEDRO PREFEITURA DEPARTAMENTO DE FINANCAS
RUA,RUA ADAUTO CASTELO,161,CENTRO,Cedro,CE,-6.60667,-39.06222,CDL / CEDRO
RUA,VEREADOR SALUSTIANO MOURA,593,CENTRO,Cedro,CE,-6.60667,-39.06222,ATACADAO DAS SACOLAS
RUA,CEL JOSE DE ALBUQUERQUE,S N,CENTRO,Cedro,CE,-6.60667,-39.06222,ARMAZEM NAO ME DEIXE
RUA,CEL CELSO ARAUJO,118,CENTRO,Cedro,CE,-6.60667,-39.06222,LABORATORIO DE ANALISES CLINICAS RUTH LANDIM
RUA,ADAUTO CATELO,396,CENTRO,Cedro,CE,-6.60667,-39.06222,SUPER MINIMERCADOS DA DIVISAO
RUA,VEREAADOR SALUSTIANO MOURA,402,CENTRO,Cedro,CE,-6.60667,-39.06222,PAULINHO MOVEIS
RUA,PADRE EMIDIO LEMOS,31,CENTRO,Cedro,CE,-6.60667,-39.06222,CEDRO TRANSPORTES
AVENIDA,JOSE QUINTINO,SN,PRADO,Cedro,CE,-6.60667,-39.06222,INSTITUTO FEDERAL DO CEARA - CAMPUS CEDRO
GALERIA,BACANA,30,CENTRO,Cedro,CE,-6.60667,-39.06222,CARVALHO CONSULTORIA E PROJETOS
RUA,CEL CELSO ARAUJO,223,FATIMA,Cedro,CE,-6.606972,-39.0648454,KAMYLLE LANCHES
RUA,ADAUTO CASTELO,393,CENTRO,Cedro,CE,-6.60667,-39.06222,ASSISTENCIA FAMILIAR PARAISO - AFAP
RUA,CEL LUIZ FELIPE,150,CENTRO,Cedro,CE,-6.60667,-39.06222,LOVE CABIDE
RUA,SAO JOSE,906,CENTRO,Cedro,CE,-6.60667,-39.06222,MEDEIROS HIDRO ELETRO
RUA,VER. ANTONIO VIANA DE ARAUJO,302,CENTRO,Cedro,CE,-6.60667,-39.06222,IVONEIDE & CIA
SITIO,SERRARIA,S/N,ZONA RURAL,Cedro,CE,-6.60667,-39.06222,SERRAMEL
RUA,ADAUTO CASTELO,222-A,CENTRO,Cedro,CE,-6.60667,-39.06222,SENAC CEDRO
RUA,Sao Jose,1673,Pega Avoante,Cedro,CE,-6.60667,-39.06222,MERCADINHO JR
RUA,RUA 1 CASA 22,22,CONJUNTO HABITACIONAL,Cedro,CE,-6.60667,-39.06222,P M B
RUA,SAO JOSE,800  A,CENTRO,Cedro,CE,-6.60667,-39.06222,ESTELA'S ESTUDIO DE ESTETICA & BELEZA DA MULHER
AVENIDA,VEREADOR PEDRO LOPES VIEIRA,572,CENTRO,Cedro,CE,-6.60667,-39.06222,PODEMOS CEDRO CE
RUA,ANTONIO VALDER VIANA,191,CENTRO,Cedro,CE,-6.60667,-39.06222,SONHO INFANTIL
RUA,CEL CELSO ALVES DE ARAUJO,124,FATIMA,Cedro,CE,-6.60667,-39.06222,SALUTE CLINICA
RUA,SENADOR JOAO TOME,363,CENTRO,Cedro,CE,-6.60667,-39.06222,POUSADA MEDEIROS
RUA,Jose Page,51,Centro,Cedro,CE,-6.60667,-39.06222,CEDRO ACO
RUA,CEL JOSE GABRIEL DINIZ,47,CENTRO,Cedro,CE,-6.60667,-39.06222,MUNDINHA PERFUMES & COSMETICOS
AVENIDA,ROSITA AFONSO,35,JARDIM AFONSO CELSO,Cedro,CE,-6.595184,-39.0672313,MERCADINHO DIAS
GALERIA,LORIVAL CORREIA,42,CENTRO,Cedro,CE,-6.60667,-39.06222,FLACON DE PARFUM
RUA,TABELIAO RAIMUNDO DOS SANTOS,115,FATIMA,Cedro,CE,-6.6048459,-39.0642367,ESQUINA DO PASTEL
AVENIDA,PEDRO LOPES VIEIRA,316,CENTRO,Cedro,CE,-6.60667,-39.06222,MJ OFICINA E BORRACHARIA.
RUA,ADAUTO CASTELO,329,CENTRO,Cedro,CE,-6.60667,-39.06222,OTICA DO TRABALHADOR CEDRENSE
RUA,JOAO BATISTA MORENO,36,VARZEA DA CONCEICAO,Cedro,CE,-6.4750432,-39.1115344,LINO MOTO PECAS E SERVICOS
AVENIDA,PEDRO LOPES VIEIRA,666,CENTRO,Cedro,CE,-6.60667,-39.06222,ASNA CONSTRUCOES E SERVICOS
RUA,ADAUTO CASTELO,385,CENTRO,Cedro,CE,-6.60667,-39.06222,MATEUS MOTOS
RUA,ANTONIO VALDER VIANA,96,CENTRO,Cedro,CE,-6.60667,-39.06222,AGROFARMA RANGEL
RUA,PROFESSOR NATANAEL CORTEZ,955,PRADO,Cedro,CE,-6.6044449,-39.0569302,PIZZARIA CANAA
RUA,RUA SINHA DE ALCANTARA,520,DIVISAO,Cedro,CE,-6.60667,-39.06222,INOVA PRODUCOES
ESTRADA,CEDRO,S/N,DISTRITO ASSUNCAO,Cedro,CE,-6.62694,-39.09778,UFV BR XI EQUIPAMENTOS LTDA.
RUA,SENADOR JOAO TOME,36,CENTRO,Cedro,CE,-6.60667,-39.06222,GALERIA DOS SALGADOS
RUA,21 DE OUTUBRO,1280,ALTO DO PADEIRO,Cedro,CE,-6.6074676,-39.0610877,FOTOGRAFO DO BEM
RUA,DR GUEDES MARTINS,29,CENTRO,Cedro,CE,-6.60667,-39.06222,CASA DE FRIOS LUCCA
10A AVENIDA,JOAQUIM ALVES DOS SANTOS,557,CENTRO,Cedro,CE,-6.60667,-39.06222,QUARTEL GENERAL DA ESFIHA
RUA,DEPUTADO LIBERATO MOACIR DE AGUIAR,128,CENTRO,Cedro,CE,-6.60667,-39.06222,CASA DO PARAFUSO
SITIO,AGROVILA,S/N,DISTRITO SAO MIGUEL,Cedro,CE,-6.56389,-39.20444,DEPOSITO MAE RAINHA
RUA,VEREADOR SALUSTIANO DE MOURA,299,CENTRO,Cedro,CE,-6.60667,-39.06222,IMPERIUM COLLECTION LTDA
RUA,SAO JOSE,1638,PEGA AVOANTE,Cedro,CE,-6.60667,-39.06222,MAZINHO PAPELARIA
10A RUA,Vicentina de Albuquerque,102,Fatima,Cedro,CE,-6.60667,-39.06222,ANA LUCIA PEREIRA SILVA
RUA,FAZENDDA SANTA ISABEL,25,VARZEA DA CONCEICAO,Cedro,CE,-6.475,-39.11333,J M MATERIAIS DE CONSTRUCAO
11A RUA,RUA2 JOSE PEREIRA MAGALHAES,19,DIVISAO,Cedro,CE,-6.60667,-39.06222,MILLENA
10A RUA,ANTONIO VALDER VIANA,174,CENTRO,Cedro,CE,-6.60667,-39.06222,DOCE SONHO
SITIO,MUNDO NOVO,231,VARZEA DA CONCEICAO,Cedro,CE,-6.475,-39.11333,CITY CREDITOS
RUA,RAIMUNDO GUEDES MARTINS,363,VILA OPERARIA,Cedro,CE,-6.6031859,-39.0584444,VARIEDADES DO PEBA
SITIO,MUNDO NOVO,822,DISTRITO VARZEA DA CONCEICAO,Cedro,CE,-6.475,-39.11333,MBF
10A RUA,OBI JUCA DINIZ,177,PRADO,Cedro,CE,-6.6041621,-39.0586257,CARCARA SISTEMAS
SITIO,GANGORRA,1175,CANDEIAS,Cedro,CE,-6.59806,-39.1,INTERFASE GRISOSTE
RUA,RUA SAO JOSE,1155,PEGA AVOANTE,Cedro,CE,-6.60667,-39.06222,ESMALTERIA ESPACO DA JO
RUA,PROFESSOR NATANAEL CORTEZ,959,BAIRRO,Cedro,CE,-6.60667,-39.06222,CONECCAO INFORMAL
RUA,SAO JOSE,879,PEGA AVOANTE,Cedro,CE,-6.60667,-39.06222,ACADEMIA DELTA
10A RUA,JOAO BATISTA MORENO,10,SEM BAIRRO,Cedro,CE,-6.60667,-39.06222,G MOVEIS & ELETROS
RUA,ZE PAJE,335,CENTRO,Cedro,CE,-6.60667,-39.06222,RR GAS
VILA,VARZEA DA CONCEICAO,320,VARZEA DA CONCEICAO,Cedro,CE,-6.475,-39.11333,AURICIO MOTO PECAS
RUA,SENADOR JOAO TOME,50,CENTRO,Cedro,CE,-6.60667,-39.06222,COCEDRO
RUA,CEL JOSE DE ALBUQUERQUE,521,CENTRO,Cedro,CE,-6.60667,-39.06222,MERCADINHO BARATEIRO
RUA,ADAUTO CASTELO,233,CENTRO,Cedro,CE,-6.60667,-39.06222,AC CEDRO
RUA,VER.SALUSTIANO MOURA,530,CENTRO,Cedro,CE,-6.60667,-39.06222,CASA OLINDA
PRACA,ARISTIDES MILITAO,222,FATIMA,Cedro,CE,-6.60667,-39.06222,SANTA CASA DE CEDRO - HOSP MAT ZULMIRA SEDRIM DE AGUIAR
RUA,VEREADOR SALUSTIANO MOURA,551,CENTRO,Cedro,CE,-6.60667,-39.06222,CEMOL
SETOR,MUNDO NOVO,SN,ZONA RURAL,Cedro,CE,-6.60667,-39.06222,ASCOMN
RUA,CORONEL JOSE DE ALBUQUERQUE,407,CENTRO,Cedro,CE,-6.60667,-39.06222,MAGAZINE CEDRENCE
RUA,ROSITA AFONSO DE ARAUJO,114,JD. AFONSO CELSO,Cedro,CE,-6.60667,-39.06222,ACJAC
RUA,JOAO VITORINO BEZERRA,184,PEDRA AVOANTE,Cedro,CE,-6.60667,-39.06222,HILTON AUTO PECAS
,AGROVILA,S/N,DISTRITO UBALDINHO,Cedro,CE,-6.58333,-39.23333,ASSAUBA
RUA,SENADOR JOAO TOME,160,CENTRO,Cedro,CE,-6.60667,-39.06222,PAROQUIA SAO JOAO BATISTA
RUA,SAO JOSE,914,CENTRO,Cedro,CE,-6.60667,-39.06222,PREDILETA
10A RUA,RUA CORONEL JOAO CANDIDO,464,CENTRO,Cedro,CE,-6.60667,-39.06222,MERCADINHO VIEIRA
RUA,CEL JOAO CANDIDO DE MOURA,229,FATIMA,Cedro,CE,-6.60667,-39.06222,ESPACO DE BELEZA FLOR DE PITANGA
RUA,NOSSA SENHORA DA CONCEICAO,98,VARZEA DA CONCEICAO,Cedro,CE,-6.4758046,-39.111473,FARMASER - FARMACIA CLINICA
SITIO,COBRA,2300,DISTRITO SANTO ANTONIO,Cedro,CE,-6.58417,-38.97139,MERCEARIA FERREIRA
TRAVESSA,ANTONIO PEREIRA,130,PRADO,Cedro,CE,-6.6041005,-39.0575743,BOMBONIERE E DESCARTAVEIS 2 IRMAOS
AVENIDA,PEDRO LOPES VIEIRA,304,CENTRO,Cedro,CE,-6.60667,-39.06222,JUVITA CONTABILIDADE
SITIO,CURICACA,S/N,ZONA RURAL,Cedro,CE,-6.60667,-39.06222,RR ARTESANATOS
SITIO,UMARI TORTO,SN,ZONA RURAL,Cedro,CE,-6.60667,-39.06222,ASCOPAC
RUA,PREFEITO ANTONIO ALVES DOS SANTOS,171,FATIMA,Cedro,CE,-6.6048196,-39.0634008,"ELETROFRIO -REFRIGERACAO AUTOMOTIVA,DOMESTICA,E MOTORES"
RUA,VEREADOR SALUSTIANO DE MOURA,543,CENTRO,Cedro,CE,-6.60667,-39.06222,REI DAS REDES
RUA,DEPUTADO LIBERATO MOACIR DE AGUIAR,120,CENTRO,Cedro,CE,-6.60667,-39.06222,MERCANTIL RIBEIRO
RUA,CEL JOSE DE ALBUQUEQUE,577,CENTRO,Cedro,CE,-6.60667,-39.06222,LUANA MODA INTIMA
RUA,FRANCISCO DUARTE,599,ALTO DA FLORESTA,Cedro,CE,-6.60667,-39.06222,MERCEARIA SAO RAIMUNDO
SITIO,PITOMBEIRA,450,ZONA RURAL,Cedro,CE,-6.60667,-39.06222,GABRYELL PRODUTOS NATURAIS
RUA,SINHA DE ALCANTARA,483,DIVISAO,Cedro,CE,-6.6103745,-39.0592504,CAPRIL JG CONSULTORIAS
RUA,VICENTINA DE ALBUQUERQUE,187,FATIMA,Cedro,CE,-6.60667,-39.06222,FABRICA PAOARTE
RUA,ANTONIO VALDER VIANA,243,CENTRO,Cedro,CE,-6.60667,-39.06222,MERCADINHO MENOR PRECO
RUA,ADAUTO CASTELO,269,CENTRO,Cedro,CE,-6.60667,-39.06222,ANS PUBLICIDADE
RUA,"DR, FRANCISCO SA",322,CENTRO,Cedro,CE,-6.60667,-39.06222,AK STILO BOUTIQUE
RUA,CEL. JOAO CANDIDO,460,CENTRO,Cedro,CE,-6.60667,-39.06222,LABORATORIO PRONTO ANALISE
AVENIDA,PEDRO LOPES VIEIRA,398,CENTRO,Cedro,CE,-6.60667,-39.06222,GELA GUELA - DELIVERY DE BEBIDAS
RUA,JOSE PEJE,394,CENTRO,Cedro,CE,-6.60667,-39.06222,MOTO PECAS TORRAO
1A RUA,FRANCISCO CHAGAS ALCANTARA,160,ALTO DO PADEIRO,Cedro,CE,-6.60667,-39.06222,COMERCIO VAREJISTA DE PRODUTOS ALIMENTICIOS E HORTIFRUT
RUA,CEL JOSE DE ALBUQUERQUE,568,CENTRO,Cedro,CE,-6.60667,-39.06222,HORTIFRUTI AZEVEDO
SITIO,JOSE RAIMUNDO,30,DISTRITO LAGEDO,Cedro,CE,-6.51167,-39.05972,EMPORIUM CARMAY
1A SUBIDA,RUA OBI JUCA DINIZ,68,PRADO,Cedro,CE,-6.60667,-39.06222,MERCADINHO NOSSA SENHORA APARECIDA
RUA,PADRE SA,101,CENTRO,Cedro,CE,-6.60667,-39.06222,FOCO ELETRICO
10A RUA,CORONEL JOSE DE ALBUQUERQUE,385,CENTRO,Cedro,CE,-6.60667,-39.06222,SYSTEC PRIME
RUA,CEL. JOAO CANDIDO,195,FATIMA,Cedro,CE,-6.6038793,-39.0611956,COMERCIAL PADRE CICERO DE LATICINIOS
SITIO,BAIXIO DO BENTO,SN,DISTRITO SAO MIGUEL,Cedro,CE,-6.56389,-39.20444,MERCADINHO BAIXIO DO BENTO
RUA,VICENTE VIANA,532,CENTRO,Cedro,CE,-6.60667,-39.06222,INFOCEDRO
RUA,CEL JOSE  ALBUQUERQUE,517,CENTRO,Cedro,CE,-6.60667,-39.06222,LOTERIA DA SORTE CEDRO
RUA,ZE PAJE,149,CENTRO,Cedro,CE,-6.60667,-39.06222,RIBAMAR CONSTRUCOES
AVENIDA,VEREADOR PEDRO LOPES VIEIRA,356,CENTRO,Cedro,CE,-6.60667,-39.06222,CEDRO PARAFUSOS E FERRAGENS
RUA,SITIO BELISA,032,DISTRITO ASSUNCAO,Cedro,CE,-6.62694,-39.09778,STEFANY VARIEDADE
RUA,AZARIAS ALVES DINIZ,405,CENTRO,Cedro,CE,-6.60667,-39.06222,MERCADINHO ESPERANCA
RUA,ANTONIO VALDER VIANA,113,CENTRO,Cedro,CE,-6.60667,-39.06222,ANDREA CALCADOS E VARIEDADES
10A TRAVESSA,ANTONIO PEREIRA,82,PRADO,Cedro,CE,-6.60667,-39.06222,ESPETOS E GALETERIA
10A RUA,VEREADOR ALVES DINIZ,111,BAIRRO DE FATIMA,Cedro,CE,-6.60667,-39.06222,JESSYKA DINIZ ATELIE DA BELEZA
RUA,ISIDORO DOMINGOS VIEIRA,242,BAIRRO DE FATIMA,Cedro,CE,-6.60667,-39.06222,R A SOLUCOES MEDICAS
10A AVENIDA,JOAQUIM ALVES DOS SANTOS,400,CONJUNTO HABITACIONAL,Cedro,CE,-6.60667,-39.06222,ALFA ASSESSORIA & CONSULTORIA
RUA,ANTONIO VALDER VIANA,160,CENTRO,Cedro,CE,-6.60667,-39.06222,FESTAS & VARIEDADES
RUA PRINCIPAL,ORION,59,PRADO,Cedro,CE,-6.60667,-39.06222,HELENA CONSTRUCOES
RUA,BARAO DE STUDART,411,PEGA AVOANTE,Cedro,CE,-6.60667,-39.06222,CEDRO NEWS
10A RUA,BARAO DE STUDART,289,DIVISAO,Cedro,CE,-6.60667,-39.06222,ALYNE COSTA LTDA
RUA,PADRE SA,92,CENTRO,Cedro,CE,-6.60667,-39.06222,SABORES DOS CHEFES
RUA,JOANA SIMAO,93,ACUDE NOVO,Cedro,CE,-6.6067909,-39.0571073,DEPOSITA DE AGUA CEARA
RUA,DR. GUEDES MARTINS,000520,CENTRO,Cedro,CE,-6.60667,-39.06222,POSTO 2000
RUA,SENADOR JOAO TOME,29,CENTRO,Cedro,CE,-6.60667,-39.06222,MERCANTIL COMPRE BEM
RUA,CEL. JOSE ALBUQUERQUE,472,CENTRO,Cedro,CE,-6.60667,-39.06222,"BRADESCO PA CEDRO, CE"
,AGROVILA UBALDINHO,05,UBALDINHO,Cedro,CE,-6.58333,-39.23333,APAU
AVENIDA,PEDRO LOPES VIEIRA,262,CENTRO,Cedro,CE,-6.60667,-39.06222,HENRIQUE MOVEIS
RUA,VEREADOR SALUSTRIANO MOURA,583,CENTRO,Cedro,CE,-6.60667,-39.06222,DELOURDES MODAS
RUA,VEREADOR JOSE GONCALVES VIANA,221,CENTRO,Cedro,CE,-6.60667,-39.06222,SERRARIA CLEMENTINO
RUA,JOSE PAJE,330,CENTRO,Cedro,CE,-6.60667,-39.06222,ITAMAR AUTO PECAS E SERVICOS
TRAVESSA,15 DE NOVEMBRO,30,CENTRO,Cedro,CE,-6.60667,-39.06222,AFAPECI ASSISTENCIA FAMILIAR PADRE CICERO
RUA,SAO JOSE,726,CENTRO,Cedro,CE,-6.60667,-39.06222,DISTRIBUIDORA DE MEDICAMENTOS CEDRO
PRACA,NILO VIANA DINIZ,SN,CENTRO,Cedro,CE,-6.60667,-39.06222,ADM P M DO CEDRO
DISTRITO,LAGEDO,SN,LAGEDO,Cedro,CE,-6.51167,-39.05972,AFAV
RUA,PADRE SA,334,CENTRO,Cedro,CE,-6.60667,-39.06222,FUNERARIA CAMINHO DE CEU
SÃTIO,MANOEL ALEXANDRE II,110,ZONA RURAL,Cedro,CE,-6.60667,-39.06222,MERCADINHO DANIELLY
RUA,VICENTE VIANA,448,ALTO DO PADEIRO,Cedro,CE,-6.6087029,-39.0573758,E E I F SONHO DE CRIANCA
RUA,CEL JOSE DE ALBUQUERQUE,556,CENTRO,Cedro,CE,-6.60667,-39.06222,MERCADINHO GONCALVES
SITIO,MARRECAS,100,ZONA RURAL,Cedro,CE,-6.60667,-39.06222,POSTO I P
RUA,CEL JOSE DE ALBUQUERQUE,604,CENTRO,Cedro,CE,-6.60667,-39.06222,CASA DO AGRICULTOR
RUA,CORONEL JOAO CANDIDO,36,CENTRO,Cedro,CE,-6.60667,-39.06222,LIDER CONTRUCOES
RUA,JOSE PAJE,394,CENTRO,Cedro,CE,-6.60667,-39.06222,GARPA SECURITY
RUA,PROFESSOR NATANAEL CORTEZ,959,CENTRO,Cedro,CE,-6.60667,-39.06222,STILY VARIEDADES
RUA,CORONEL LUIZ FELIPE,170,CENTRO,Cedro,CE,-6.60667,-39.06222,CIAR
RUA,AZARIAS ALVES DINIZ,157,CENTRO,Cedro,CE,-6.60667,-39.06222,AUTO ESCOLA CEDRO
RUA,ANTONIO VALDER VIANA,204,CENTRO,Cedro,CE,-6.60667,-39.06222,MANINHO PROMOTORA
SITIO,ZE RAIMUNDO,01,ZONRA RURAL,Cedro,CE,-6.60667,-39.06222,ASSOCIACAO SAO JOSE
VIA,PLANALTO DOS LEMOS,01,CEDRO II,Cedro,CE,-6.60667,-39.06222,ASCOPAFEN
RUA,ANTONIO VALDER VIANA,213,CENTRO,Cedro,CE,-6.60667,-39.06222,PARATODOS CONFECCOES
RUA,PADRE EMIDIO LEMOS,75,CENTRO,Cedro,CE,-6.60667,-39.06222,COMISSAO PROVISORIA MUNICIPAL - PDT
10A RUA,DISTRITO LAGEDO,11,DISTRITO LAGEDO,Cedro,CE,-6.51167,-39.05972,D & P PRESENTES
RUA,JOEL DUARTE PASSOS,168,ACUDE NOVO,Cedro,CE,-6.60667,-39.06222,CLINICA DR. MARCOS ROBERTO
RUA,CEL JOSE DE ALBUQUERQUE,402,CENTRO,Cedro,CE,-6.60667,-39.06222,VILANIA COSMETICO E PERFUMARIA
RUA,ANTONIO VALDER VIANA,243,CENTRO,Cedro,CE,-6.60667,-39.06222,POLY SERVICOS
AVENIDA,ENEAS VIANA DE ARAUJO,473,CENTRO,Cedro,CE,-6.60667,-39.06222,DISK MARMITA SABORES DO CHEFE
RUA,CORONEL CELSO ARAUJO,302,FATIMA,Cedro,CE,-6.606972,-39.0648454,FCMDCA- FUNDO MUNICIPAL DO CONSELHO DA CRIANCA E ADOLES
RUA,JOAQUIM MARQUES,131,ALTO DA FLORESTA,Cedro,CE,-6.5997155,-39.0660068,MERCADINHO MANOEL E LUCIMAR
AVENIDA,VEREADOR ENEAS VIANA DE ARAUJO,122,CENTRO,Cedro,CE,-6.60667,-39.06222,FUNDO MUNICIPAL DE EDUCACAO - FME - CEDRO-CE
RUA,SAO JOSE,1382,PEGA AVOANTE,Cedro,CE,-6.60667,-39.06222,TRA AR CONDICIONADO
TERMINAL,RODOVIARIO,SN,CENTRO,Cedro,CE,-6.60667,-39.06222,M M LANCHES
GALERIA,GUEDES,39,CENTRO,Cedro,CE,-6.60667,-39.06222,J.S.REPRESENTACAO
AVENIDA,ROSITA AFONSO,37,JARDIN AFONSO CELSO,Cedro,CE,-6.595184,-39.0672313,MERCADINHO LAILTON
RUA,VICENTE VIANA,477,CENTRO,Cedro,CE,-6.60667,-39.06222,CEDRO VIDROS
AVENIDA,JOAQUIM ALVES DOS SANTOS,511,CENTRO,Cedro,CE,-6.60667,-39.06222,MONTAGEM DE PLACAS SOLAR
ALAMEDA,JOSE QUINTINO,218,PRADO,Cedro,CE,-6.6029799,-39.0559769,INDUSTRIA DE LIMPEZA TOP DE CEARENSE
RUA,VICENTE VIANA,557,CENTRO,Cedro,CE,-6.60667,-39.06222,OTICA BOA VISTA
RUA,SITIO CARIUZINHO,00,SITIO,Cedro,CE,-6.60667,-39.06222,MERCADINHO ESTER E CONFECCOES
RUA,CORONEL JOAO CANDIDO,36,CENTRO,Cedro,CE,-6.60667,-39.06222,FJA CALCADOS E ACESSORIOS
DISTRITO,AGROVILA UBALDINHO,56,ZONA RURAL,Cedro,CE,-6.60667,-39.06222,CASA DE RACAO SALES
RUA,RUA RAIMUNDO  CAUBI DOS SANTOS,201,CENTRO,Cedro,CE,-6.60667,-39.06222,LUANA ROMEU STUDIO DE BELEZA
RUA,CORONEL JOAO CANDIDO,36,CENTRO,Cedro,CE,-6.60667,-39.06222,SOLUT
RUA,PADRE CICERO,268,CENTRO,Cedro,CE,-6.60667,-39.06222,CONSTRUMAIS
SITIO,CANGALHA,843,ANGICOS,Cedro,CE,-6.60667,-39.06222,AVICEDRO
RUA,CEL. JOSE DE ALBUQUERQUE,387,CENTRO,Cedro,CE,-6.60667,-39.06222,BABY CLOSET MODA INFANTIL
RODOVIA,PADRE CICERO,SN,CENTRO,Cedro,CE,-6.60667,-39.06222,BELEZA VIVA VIVEIRO DE PLANTAS
10A RUA,SAO JOSE,1274,PEGA AVOANTE,Cedro,CE,-6.60667,-39.06222,MERCADINHO 3 IRMAS
RUA,CORONEL CAETANO AFONSO,532,DIVISAO,Cedro,CE,-6.6170741,-39.0607088,R S ARAUJO REPRESENTACOES
RUA,SENADOR JOAO TOME,184,CENTRO,Cedro,CE,-6.60667,-39.06222,GT MINIMERCADO
RUA,PADRE CICERO,38,CENTRO,Cedro,CE,-6.60667,-39.06222,NETO CAR
RUA,JOSE GONCALVES VIANA,341,FATIMA,Cedro,CE,-6.60667,-39.06222,AURELANIA CAPRICHO GOURMET
10A RUA,JOEL PASSOS,831,CENTRO,Cedro,CE,-6.60667,-39.06222,MERCADINHO BEZERRAO
1A AVENIDA,PEDRO LOPES VIEIRA OU DR FCO SA,308,CENTRO,Cedro,CE,27.6091,94.7942,COMERCIAL CEDRO
RODOVIA,CE-284,SN,AREA RURAL,Cedro,CE,-6.60667,-39.06222,UFV VIP CE VI
RUA,ANTONIO VALDER VIANA,123,CENTRO,Cedro,CE,-6.60667,-39.06222,MARIAH EYEWEAR
AVENIDA,FRANCISCO HELIO DE ARAUJO,327,PRADO,Cedro,CE,-6.60667,-39.06222,ACAI ALFA MIRANTE
RUA,ERNESTO TEXEIRA DE ABREU,33,CENTRO,Cedro,CE,-6.60667,-39.06222,STUDIO PAULINA SALES
AVENIDA,PEDRO LOPES VIEIRA,382,CENTRO,Cedro,CE,-6.60667,-39.06222,BROAS CRISTIANO
RUA,PE SA,203,CENTRO,Cedro,CE,-6.60667,-39.06222,J J O ASSESSORIA CONTABIL E FISCAL
RUA,ADAUTO CASTELO,396-D,CENTRO,Cedro,CE,-6.60667,-39.06222,CLICK CEDRO
AVENIDA,ENEAS VIANA DE ARAUJO,120,MONTEVIDEO,Cedro,CE,-6.60667,-39.06222,HOSPITAL E MATERNIDADE ENEAS VIANA DE ARAUJO
RUA,DR FRANCISCO SA,S N,CENTRO,Cedro,CE,-6.60667,-39.06222,COCEDRO
RUA,JOEL PESSOA,780,CENTRO,Cedro,CE,-6.60667,-39.06222,P D T
RUA,DOS CORREIOS,S N,VARZEA,Cedro,CE,-6.48333,-39.1,ECT DR CE AG VARZEA
RUA,VEREADOR PEDRO LOPES VIEIRA,SN,CENTRO,Cedro,CE,-6.60667,-39.06222,MERCADINHO SANTO ANTONIO
AVENIDA,JOSE QUINTINO,131,PRADO,Cedro,CE,-6.60667,-39.06222,ACJAS
RUA,ANTONIO VALDER VIANA,174,CENTRO,Cedro,CE,-6.60667,-39.06222,KACULA MODAS E VARIEDADES
RUA,JULIO ALVES DOS SANTOS,216,FATIMA,Cedro,CE,-6.6029301,-39.0636908,ACOMUCE
RUA,VICENTE VIANA,584,CENTRO,Cedro,CE,-6.60667,-39.06222,R D MOTOPECAS
RUA,SAO JOSE,1686,PEGA AVOANTE,Cedro,CE,-6.60667,-39.06222,PANIFICADORA ARTE MASSAS
RUA,DEPUTADO LIBERATO MOACIR DE AGUIAR,172,CENTRO,Cedro,CE,-6.60667,-39.06222,MARRY MODA
RUA,SAO JOSE,746,CENTRO,Cedro,CE,-6.60667,-39.06222,ALVANI MOTOS
RUA,ANTONIO VALDER VIANA,88,CENTRO,Cedro,CE,-6.60667,-39.06222,ZENIR MOVEIS
RUA,VICENTINA DE ALBUQUERQUE,209,FATIMA,Cedro,CE,-6.60667,-39.06222,MERCADINHO ISADORA
RUA,Alameda Jose Quintino,396,Prado,Cedro,CE,-6.6029799,-39.0559769,MERCADINHO BENICIO
SITIO,MANOEL ALEXANDRE 2,S/N,ZONA RURAL,Cedro,CE,-6.60667,-39.06222,ASCONOSSA
RUA,JOSE VICENTE DA SILVA,112,PEGA AVOANTE,Cedro,CE,-6.60667,-39.06222,ESPACO CULTURAL - SHOWS & EVENTOS
RUA,VEREADOR SALUSTIANO MOURA,000000,CENTRO,Cedro,CE,-6.60667,-39.06222,PONTO DO PEIXE
RUA,VEREADOR ALVES DINIZ,51,FATIMA,Cedro,CE,-6.6062114,-39.0641803,CESTAS MURIELY
AVENIDA,DOM PEDRO LOPES,262,CENTRO,Cedro,CE,-6.60667,-39.06222,MILK SHAKE MIX
RUA,CORONEL JOSE CANDIDO,36,CENTRO,Cedro,CE,-6.60667,-39.06222,LOJA DE ATENDIMENTO
GALERIA,BACANA,51,CENTRO,Cedro,CE,-6.60667,-39.06222,TOINHO MOTO PECAS
RUA,CEL. JOAO CANDIDO,460 B,CENTRO,Cedro,CE,-6.60667,-39.06222,NET LINK INSTALACOES E COMUNICACAO
SITIO,LAGOA DOS CAVALOS,S/N,DISTRITO DE CANDEIAS,Cedro,CE,-6.59806,-39.1,CONSTRUTORA FERREIRA
RUA,DO COMERCIO,155,VARZEA DA CONCEICAO,Cedro,CE,-6.4759758,-39.1112007,FARMANICOLAS
10A RUA,RUA :CORONEL JOAO CANDIDO,235,CENTRO,Cedro,CE,-6.60667,-39.06222,MIMOS EM LEMBRANCINHAS
RUA,SENADOR JOAO TOME,26,CENTRO,Cedro,CE,-6.60667,-39.06222,LELE TAREFA FRUTAS
SITIO,Lagedo,708,lagedo,Cedro,CE,-6.51167,-39.05972,Mercearia da Ana Lucia
RUA,CICERO FERNANDES VIEIRA,397,ALTO DO PADEIRO,Cedro,CE,-6.6086305,-39.0561946,COMERCIO JB
SITIO,LAGEDO,645.A,LAGEDO,Cedro,CE,-6.51167,-39.05972,MERCADINHO VIEIRA
RUA,SOA JOSE,1376,PEGA AVOANTE,Cedro,CE,-6.60667,-39.06222,VT TRANSPORTES
RUA,AZARIAS ALVES DINIZ,70A,CENTRO,Cedro,CE,-6.60667,-39.06222,BORRACHARIA 2000
RUA,JOAO CANDIDO,36,CENTRO,Cedro,CE,-6.60667,-39.06222,OPTICA EURO
RUA,DOS CAMPEOES,55,PEGA AVOANTE,Cedro,CE,-6.60667,-39.06222,MERCADO LIMA
RUA,OBI JUCA DINIZ,242,PRADO,Cedro,CE,-6.6041621,-39.0586257,LOJA LIRIOS
RODOVIA,PADRE CICERO,SN,VALE DO MACHADO,Cedro,CE,-6.60667,-39.06222,ROBERTO RECICLAGENS E BR BEBIDAS
RUA,RAIMUNDO PAIVA DA SILVA,240,DIVISAO,Cedro,CE,-6.6108276,-39.0625894,DEPOSITO GARCIA
RUA,SINHA DE ALCANTARA,347,DIVISAO,Cedro,CE,-6.6103745,-39.0592504,MERCADINHO ALENCAR
10A RUA,21 DE OUTUBRO,1316,ALTO PADEIRO,Cedro,CE,-6.6074676,-39.0610877,JB FRIOS
AVENIDA,PEDRO LOPES VIEIRA,132,CENTRO,Cedro,CE,-6.60667,-39.06222,ARTMINHA
RUA,ZE PAJE,335,CENTRO,Cedro,CE,-6.60667,-39.06222,RR GAS
RUA,CORONEL JOSE DE ALBURQUERQUE,505,CENTRO,Cedro,CE,-6.60667,-39.06222,ATACADAO DAS FRUTAS & VERDURAS
RUA,ANTONIO VALDER VIANA,180,CENTRO,Cedro,CE,-6.60667,-39.06222,SERAFIM MODAS
RUA,PREFEITO ANTONIO ALVES DOS SANTOS,294,FATIMA,Cedro,CE,-6.6048196,-39.0634008,CABELOS NO LUXO - KELENE
TRAVESSA,TRAVESSA ANTONIO MARQUES,33,CENTRO,Cedro,CE,-6.60667,-39.06222,S COLLECTION
RUA,RUA CORONEL CAETANO AFONSO,48,DIVISAO,Cedro,CE,-6.60667,-39.06222,MFD EMPREENDIMENTOS ONLINE
RUA,RAIMUNDO GUEDES MARTINS,14,CENTRO,Cedro,CE,-6.60667,-39.06222,AGUIA MOTOS
SITIO,CARIUZINHO,01,ZONA RURAL,Cedro,CE,-6.60667,-39.06222,SORVETERIA E PETISCARIA DA JOANA
10A RUA,NOVO CEDRO,10,CEDRO 1,Cedro,CE,-6.60667,-39.06222,S & R EMPREENDIMENTOS
RUA,CEL LUIZ FELIPE,170-A,CENTRO,Cedro,CE,-6.60667,-39.06222,CENTRO OPTICO
SITIO,AGROVILA DO ACUDE UBALDINHO,SN,SAO MIGUEL,Cedro,CE,-6.56389,-39.20444,ASSUSA
RUA,SENADOR JOAO TOME,34,CENTRO,Cedro,CE,-6.60667,-39.06222,MERCADINHO SAO LUIZ
SITIO,RECANTO,S/N,UBALDINHO,Cedro,CE,-6.58333,-39.23333,ASSOCIACAO FRANCISCA FERREIRA LIMA
RUA,VEREADOR PEDRO SALUSTIANO MOURA,462,CENTRO,Cedro,CE,-6.60667,-39.06222,CASA MOURA
SÃTIO,LAGOA SECA,SN,UBALDINHO,Cedro,CE,-6.58333,-39.23333,ASSOC DE PAIS E COM DA ESC ENS FUN MANOEL FERREIRA DIAS
RUA,CEL JOSE DE ALBUQUERQUE,505,CENTRO,Cedro,CE,-6.60667,-39.06222,DEPOSITO DA LUZ
RUA,ADAUTO CASTELO,249,CENTRO,Cedro,CE,-6.60667,-39.06222,CAGECE - NUCLEO CEDRO - UNBSA
SITIO,TIMBAUBA,SN,VALE TIMBAUBA,Cedro,CE,-6.60667,-39.06222,ASCOVAT
RUA,JOAO BATISTA MORENO,155,VARZEA DA CONCEICAO,Cedro,CE,-6.4750432,-39.1115344,MERCADINHO DO LAR
RUA,CEL JOSE DE ALBUQUERQUE,508,CENTRO,Cedro,CE,-6.60667,-39.06222,FIK CHIQUE
RUA,PREFEITO ANTONIO ALVES DOS SANTOS,15,FATIMA,Cedro,CE,-6.6048196,-39.0634008,GE VARIEDADES
RUA,JOSE GONCALVES VIANA,142,FATIMA,Cedro,CE,-6.60667,-39.06222,EUROBRAZ CONSULTORIA LTDA
RUA,CEL. JOSE DE ALBUQUERQUE,402,CENTRO,Cedro,CE,-6.60667,-39.06222,MB LUB OLEO E PNEUS
RUA,RAIMUNDO GUEDES MARTINS,752,CENTRO,Cedro,CE,-6.60667,-39.06222,BORRACHARIA DOIS IRMAOS
RUA,CEL JOSE DE ALBUQUERQUE,559,CENTRO,Cedro,CE,-6.60667,-39.06222,REM VARIEDADES
RUA,PREFEITO JOSE BATISTA FILHO,1656,PEGA AVOANTE,Cedro,CE,-6.6154061,-39.0591243,MERCADINHO TORRES
RUA,VEREADOR SALUSTIANO MOURA,589,CENTRO,Cedro,CE,-6.60667,-39.06222,NOVA FARMA MEDEIROS
RUA,SINHA DE ALCANTARA,578,DIVISAO,Cedro,CE,-6.6103745,-39.0592504,GABI CONFECCOES
RUA,CORONEL JOAO CANDIDO,570,CENTRO,Cedro,CE,-6.60667,-39.06222,AUTO ESCOLA EXECUTIVA LTDA
RUA,RAIMUNDO PAIVA DA SILVA,09,CENTRO,Cedro,CE,-6.60667,-39.06222,RENATA VARIEDADES
RUA,VICENTINA ALBUQUERQUE,153,FATIMA,Cedro,CE,-6.6041278,-39.064246,CASA DA CULTURA DE CEDRO
RUA,21 de outubro,696,Centro,Cedro,CE,-6.60667,-39.06222,ESPACO DE BELEZA TICO MONTEIRO
RUA,VEREADOR ALVES DINIZ,51,FATIMA,Cedro,CE,-6.6062114,-39.0641803,MURIELY COMERCIAL DE ALIMENTOS
RUA,JOEL PASSOS,936,CENTRO,Cedro,CE,-6.60667,-39.06222,JN RODRIGUES REPRESENTACOES
RUA,Vinte e Um de Outubro,599,Centro,Cedro,CE,-6.60667,-39.06222,PAULO TUR
RUA,ANTONIO TOMAZ,116,DIVISAO,Cedro,CE,-6.60667,-39.06222,MERCADINHO BOM NO PRECO
RUA,JOSE GABRIEL DINIZ,66,CENTRO,Cedro,CE,-6.60667,-39.06222,FUNDO MUNICIPAL DE ASSISTENCIA SOCIAL DE CEDRO
RUA,CORONEL JOSE DE ALBUQUERQUE,508,CENTRO,Cedro,CE,-6.60667,-39.06222,SABRYNA MODA
SITIO,SANTA RITA,180,DISTRITO SANTO ANTONIO,Cedro,CE,-6.58417,-38.97139,MERCEARIA ROMAO
DISTRITO,DE CANDEIAS,379,ZONA RURAL,Cedro,CE,-6.60667,-39.06222,SOLNET INTERNET
RUA,CEL JOSE DE ALBUQUERQUE,577,CENTRO,Cedro,CE,-6.60667,-39.06222,LUANA MODA INTIMA
SITIO,ANGICO - I,31,ZONA RURAL,Cedro,CE,-6.60667,-39.06222,REVERSO ESTAMPARIA
AVENIDA,CEL MANOEL ALEXANDRE DE MOURA,1784,PEGA AVOANTE,Cedro,CE,-6.60667,-39.06222,SERVCOM
AVENIDA,JOAQUIM ALVES DOS SANTOS,152,DIVISAO,Cedro,CE,-6.6083429,-39.0628499,ZEZE REPRESENTACOES
SITIO,TELHA,19,SANTO ANTONIO,Cedro,CE,-6.58417,-38.97139,PROJETEC PROJETOS E SERVICOS
RUA,VER. ENEAS VIANA DE ARAUJO,865,VILA OPERARIA,Cedro,CE,-6.60667,-39.06222,RESTAURANTE SANTO ANTONIO
TRAVESSA,EMIDIO JOSE GONCALVES,40,CENTRO,Cedro,CE,-6.60667,-39.06222,OPTICA CAMILO
RUA,CICERO FERNANDES VIEIRA,397,ALTO DO PADEIRO,Cedro,CE,-6.6086305,-39.0561946,COMERCIO JB
RUA,DR GUEDES MARTINS,29,CENTRO,Cedro,CE,-6.60667,-39.06222,CASA DE FRIOS LUCCA
AVENIDA,PEDRO LOPES VIEIRA,398,CENTRO,Cedro,CE,-6.60667,-39.06222,GELA GUELA - DELIVERY DE BEBIDAS
RUA,03,25,JARDIM AFONSO CELSO,Cedro,CE,-6.60667,-39.06222,JEPLANEJADOS
RUA,DEPUTADO LIBERATO MOACIR DE AGUIAR,128,CENTRO,Cedro,CE,-6.60667,-39.06222,CASA DO PARAFUSO
RUA,CEL JOSE DE ALBUQUERQUE,568,CENTRO,Cedro,CE,-6.60667,-39.06222,HORTIFRUTI AZEVEDO
AVENIDA,PEDRO LOPES VIEIRA,132,CENTRO,Cedro,CE,-6.60667,-39.06222,EVS ESPORTES
SITIO,SITIO RECANTO DO ODILON,0,SANTO ANTONIO,Cedro,CE,-6.58417,-38.97139,LIMA TECHNOLOGY
RUA,MONSENHOR ANTONIO VIEIRA COSTA,262,ALTO DO PADEIRO,Cedro,CE,-6.6086213,-39.0575485,TOURO PRIME
GALERIA,BACANA,43,CENTRO,Cedro,CE,-6.60667,-39.06222,C.A.F MOVEIS PROJETADOS
10A RUA,SITIO ESPERANCA,SN,SANTO ANTONIO,Cedro,CE,-6.58417,-38.97139,FRANCINALDO DE SOUZA ALVES 03010612616
ALAMEDA,JOSE QUINTINO,615,PRADO,Cedro,CE,-6.5999284,-39.0554973,MM ELETRICA
RUA,JADELGENA DE ARAUJO SILVA,400,CENTRO,Cedro,CE,-6.60667,-39.06222,SANTANA VEICULOS
AVENIDA,DOUTOR CANDIDO JOSE DA COSTA,1252,PEGA AVOANTE,Cedro,CE,-6.60667,-39.06222,CANGACO VIP
SITIO,MUNDO NOVO,822,DISTRITO VARZEA DA CONCEICAO,Cedro,CE,-6.475,-39.11333,MBF
RUA,MONSENHOR ANTONIO VIEIRA COSTA,326,ALTO DO PADEIRO,Cedro,CE,-6.6086213,-39.0575485,JUNIOR CELL
1A AVENIDA,PEDRO LOPES VIEIRA OU DR FCO SA,308,CENTRO,Cedro,CE,27.6091,94.7942,COMERCIAL CEDRO
RUA,R VICAK ALBUQUERQUE,113,JARDIM AFONSO CELSO,Cedro,CE,-6.60667,-39.06222,MECANTIL AIRTON
RUA,VICK ALBUQUERQUE,113,JARDIM AFONSO CELSO,Cedro,CE,-6.60667,-39.06222,MERCANTIL AIRTON
RUA,SAO JOSE,879,PEGA AVOANTE,Cedro,CE,-6.60667,-39.06222,ACADEMIA DELTA
AVENIDA,FRANCISCO HELIO DE ARAUJO,327,PRADO,Cedro,CE,-6.60667,-39.06222,ACAI ALFA MIRANTE
RUA,ERNESTO TEXEIRA DE ABREU,33,CENTRO,Cedro,CE,-6.60667,-39.06222,STUDIO PAULINA SALES
AVENIDA,PEDRO LOPES VIEIRA,398,CENTRO,Cedro,CE,-6.60667,-39.06222,GELA GUELA - DELIVERY
RUA,RAIMUNDO GEUDES MARTINS,525,VILA OPERARIA,Cedro,CE,-6.60667,-39.06222,LUD FRIOS E CONGELADOS
RUA,VEREADOR PEDRO LOPES VIEIRA,298,CENTRO,Cedro,CE,-6.60667,-39.06222,CARTORIO ESMERALDINA BEZERRA
SITIO,CAJUI,SN,CANDEIAS,Cedro,CE,-6.59806,-39.1,ACTBG
AVENIDA,PEDRO LOPES VIEIRA,262,CENTRO,Cedro,CE,-6.60667,-39.06222,HENRIQUE MOVEIS
RUA,VICENTE VIANA,584,CENTRO,Cedro,CE,-6.60667,-39.06222,IPRECE
SITIO,AGROVILA DO ACUDE UBALDINHO,SN,SAO MIGUEL,Cedro,CE,-6.56389,-39.20444,ASSUSA
RUA,VEREADOR SALUSTIANO MOURA,501,CENTRO,Cedro,CE,-6.60667,-39.06222,MERCANDINHO CONFIANCA
RUA,VEREADOR SALUSTIANO MOURA,550,CENTRO,Cedro,CE,-6.60667,-39.06222,100 POR CENTO CARUARU
RUA,CEL. JOSE DE ALBUQUERQUE,515,CENTRO,Cedro,CE,-6.60667,-39.06222,LINDA BELLA
RUA,PROFESSOR NATANAEL CORTEZ,889,CENTRO,Cedro,CE,-6.60667,-39.06222,PANIFICADORA E CONFEITARIA ROSA DE SHARON
RUA,CEL JOSE DE ALBUQUERQUE,S N,CENTRO,Cedro,CE,-6.60667,-39.06222,ARMAZEM NAO ME DEIXE
DISTRITO,LAGEDO,SN,LAGEDO,Cedro,CE,-6.51167,-39.05972,AFAV
RUA,CEL JOSE DE ALBUQUERQUE,508,CENTRO,Cedro,CE,-6.60667,-39.06222,FIK CHIQUE
RUA,ZE PAJE,56,CENTRO,Cedro,CE,-6.60667,-39.06222,LICACLI
RUA,JOSE PAJE,394,CENTRO,Cedro,CE,-6.60667,-39.06222,GARPA SECURITY
RUA,SINHA DE ALCANTARA,578,DIVISAO,Cedro,CE,-6.6103745,-39.0592504,GABI CONFECCOES
RUA,RAIMUNDO PAIVA DA SILVA,09,CENTRO,Cedro,CE,-6.60667,-39.06222,RENATA VARIEDADES
RUA,CHIQUINHO CARTEIRO,56,ALTO DO PADEIRO,Cedro,CE,-6.6104784,-39.0560304,IOLANDA VARIEDADES
